,freq
the,1100
of,664
a,479
to,436
in,323
and,298
is,271
that,193
b,155
c,148
d,146
for,138
this,129
or,117
s,110
it,108
on,99
be,95
by,91
as,91
which,89
x,89
you,80
any,78
passage,74
with,72
are,71
an,69
not,69
at,69
one,69
no,68
from,68
have,67
april,64
part,64
oas,62
was,61
page,61
copying,60
illegal,60
answer,60
more,59
unauthorized,58
reuse,58
they,57
what,53
than,49
he,48
your,48
his,47
their,46
if,46
were,46
lines,44
but,44
following,42
headed,40
when,39
continue,39
time,38
will,37
all,37
questions,35
black,35
birds,35
change,35
each,34
can,34
had,34
most,34
johnson,34
after,33
how,33
best,31
other,31
has,31
y,30
above,30
t,30
may,29
number,29
use,29
per,29
plants,29
choice,28
red,27
words,26
line,26
two,26
so,25
people,25
between,25
about,25
could,24
i,24
them,24
do,24
because,23
used,23
question,23
such,22
value,22
up,22
test,21
did,21
caes,21
been,21
work,20
should,20
only,20
plastic,20
average,20
its,20
would,20
banneker,20
these,20
point,20
dictionary,19
language,19
many,19
based,19
make,19
information,18
cost,18
slavery,18
memory,18
group,18
grid,18
essay,18
those,17
corn,17
some,17
set,17
same,17
into,17
section,16
evidence,16
plant,16
year,16
energy,16
states,16
sentence,16
before,15
provides,15
power,15
study,15
dana,15
f,15
english,15
yy,15
over,15
board,15
p,15
there,14
while,14
list,14
included,14
population,14
men,14
write,14
years,14
hour,14
memories,14
store,14
word,14
k,14
data,14
first,14
means,14
out,14
writer,14
previous,13
well,13
then,13
miles,13
ordinary,13
we,13
new,13
air,13
where,13
equation,13
found,13
predator,12
members,12
graph,12
employees,12
aphids,12
hsam,12
risk,12
second,12
both,12
crop,12
who,12
plane,12
standard,12
experiment,12
college,12
full,12
must,12
minutes,12
problem,12
also,11
table,11
day,11
stores,11
figure,11
united,11
marine,11
h,11
government,11
j,11
times,11
club,11
through,11
ellicott,11
take,10
shown,10
explain,10
additional,10
sis,10
professor,10
aggressive,10
kg,10
m,10
lower,10
according,10
portion,10
made,10
paragraph,10
might,10
yes,10
every,10
sheet,10
false,10
broad,10
employee,10
finches,10
below,10
litter,10
xy,10
wasps,10
mean,10
solution,9
certain,9
shows,9
v,9
taking,9
slaves,9
ton,9
adapted,9
however,9
aggression,9
food,9
writers,9
choose,9
risks,9
another,9
circle,9
pressure,9
right,9
booklet,9
directions,9
researchers,9
him,9
chemicals,8
consider,8
nearly,8
policies,8
believes,8
bean,8
sat,8
function,8
indicated,8
otherwise,8
unless,8
during,8
even,8
form,8
individual,8
way,8
now,8
give,8
much,8
called,8
own,8
park,8
paying,8
underlined,8
prices,8
meters,8
system,8
argument,8
container,8
home,8
area,8
turn,8
si,8
different,8
goal,8
patihis,8
high,8
need,8
higher,8
tchartkoff,8
total,8
support,8
object,8
likely,8
program,7
control,7
g,7
whether,7
provided,7
farmers,7
capital,7
answers,7
money,7
lures,7
effectively,7
shall,7
solve,7
workers,7
claims,7
district,7
enough,7
arc,7
degrees,7
douglass,7
obtain,7
benefits,7
less,7
does,7
main,7
display,7
hyphae,7
sillimanite,7
read,7
period,7
actually,7
negro,7
real,7
novel,7
last,7
former,7
sample,7
o,7
price,7
yet,7
passages,7
international,7
us,7
storage,7
present,7
though,7
dogs,6
enter,6
colour,6
name,6
features,6
highly,6
laws,6
story,6
editorial,6
consumers,6
pairs,6
minute,6
since,6
deviation,6
race,6
end,6
fashionable,6
land,6
percent,6
allowed,6
ethanol,6
fill,6
man,6
species,6
correct,6
mass,6
numbers,6
infested,6
decimal,6
volatiles,6
bags,6
look,6
provide,6
my,6
stop,6
equations,6
survey,6
approach,6
either,6
selected,6
four,6
expenditure,6
encouraged,6
head,6
gold,6
events,6
horowitz,6
become,6
counterargument,6
calculator,6
n,6
ideas,6
results,6
like,6
dollars,6
too,6
difference,6
plan,6
often,6
ss,6
figures,6
without,6
needed,6
produce,6
recall,6
igicicicisic,6
patient,6
oo,6
bird,6
length,6
artist,6
feeder,6
makes,6
temperature,6
took,6
research,6
here,6
policy,6
banks,6
several,6
behaviors,5
expand,5
andalusite,5
pens,5
national,5
london,5
critical,5
booksellers,5
result,5
nature,5
show,5
fungi,5
developed,5
water,5
math,5
far,5
million,5
dk,5
conspicuous,5
local,5
still,5
examples,5
built,5
reasonably,5
metric,5
oranges,5
war,5
why,5
next,5
relevant,5
base,5
wages,5
effect,5
expression,5
roots,5
measures,5
old,5
education,5
earth,5
rights,5
feeding,5
once,5
himself,5
today,5
school,5
businesses,5
ways,5
sources,5
renewable,5
century,5
placed,5
upon,5
seconds,5
u,5
fact,5
itis,5
include,5
reasons,5
objects,5
better,5
term,5
least,5
met,5
single,5
increased,5
inches,5
labor,5
requires,5
others,5
topic,5
federal,5
refer,5
sky,5
chicago,5
cage,5
tribune,5
think,5
masters,5
come,5
insurance,5
methods,5
very,5
books,5
mark,5
space,5
see,5
recent,5
ambitious,5
prairie,5
expressions,5
colony,5
state,5
interactions,5
our,5
known,5
large,5
rather,5
ly,5
square,5
fungal,5
farm,5
millions,5
big,5
possible,5
left,4
behavioural,4
subjects,4
being,4
re,4
mesh,4
finch,4
across,4
conclusion,4
levels,4
tested,4
appears,4
example,4
address,4
environmental,4
something,4
described,4
explorative,4
pay,4
retail,4
subject,4
greater,4
slave,4
week,4
given,4
material,4
random,4
column,4
approximately,4
true,4
points,4
bus,4
circles,4
columns,4
attracted,4
june,4
proportion,4
attacked,4
recognition,4
ve,4
riders,4
team,4
pictures,4
significantly,4
just,4
boxes,4
inferred,4
gouldian,4
published,4
sets,4
extension,4
months,4
pollution,4
e,4
os,4
success,4
students,4
five,4
done,4
increase,4
natural,4
particular,4
susceptible,4
collegeboard,4
uses,4
order,4
attract,4
danger,4
difficult,4
required,4
organization,4
beanstalks,4
longer,4
public,4
ar,4
persuade,4
let,4
sometimes,4
revenue,4
customers,4
primarily,4
purpose,4
demand,4
analysis,4
ci,4
lists,4
wants,4
art,4
came,4
z,4
few,4
flight,4
buy,4
contact,4
hyphal,4
traits,4
relationship,4
audience,4
service,4
los,4
velocity,4
receive,4
fuel,4
disease,4
almost,4
row,4
speed,4
considering,4
poster,4
details,4
conditions,4
taken,4
studies,4
announced,4
programs,4
help,4
white,4
fit,4
off,4
release,4
negative,4
successful,4
forced,4
uninfested,4
down,4
estimated,4
equal,4
finish,4
reading,4
freedom,4
said,4
world,4
abolition,4
check,4
logical,4
hold,4
company,4
huge,4
able,4
later,4
turnover,4
days,4
increasing,4
initial,4
leading,4
sketch,4
crops,4
reason,4
jones,4
chamber,4
closest,4
against,4
agree,4
institutions,4
writing,4
retailers,4
angeles,4
major,4
determine,4
union,3
course,3
requirements,3
whom,3
precisely,3
recalled,3
fewer,3
returning,3
together,3
contains,3
heat,3
ongoing,3
neither,3
annual,3
originally,3
note,3
diagram,3
ability,3
reasoning,3
civil,3
southern,3
past,3
systems,3
paid,3
reduced,3
budget,3
phase,3
feed,3
types,3
indications,3
bacteria,3
organism,3
gas,3
suffrage,3
free,3
relatively,3
resources,3
moment,3
gpa,3
ocean,3
practically,3
boundary,3
finding,3
consequences,3
costs,3
type,3
messengers,3
runs,3
contained,3
grow,3
spent,3
sunday,3
colleagues,3
find,3
under,3
spread,3
pounds,3
got,3
cara,3
blocked,3
volatile,3
southerners,3
south,3
thus,3
penetrated,3
homes,3
special,3
micron,3
achieve,3
mcintosh,3
slaveholders,3
small,3
view,3
glasses,3
larger,3
prevent,3
quickly,3
avoid,3
tuesday,3
interest,3
blue,3
reflects,3
prediction,3
deleted,3
seats,3
kept,3
sense,3
trash,3
future,3
employers,3
inside,3
equality,3
her,3
idea,3
cannot,3
science,3
guide,3
whose,3
roof,3
among,3
introduces,3
remain,3
soon,3
begins,3
assume,3
box,3
action,3
nearest,3
pair,3
using,3
develop,3
suggested,3
bag,3
failing,3
finally,3
including,3
model,3
decrease,3
scientists,3
fishing,3
long,3
author,3
scale,3
available,3
org,3
away,3
already,3
indicates,3
low,3
require,3
et,3
correctly,3
thought,3
addition,3
keep,3
me,3
visit,3
predicted,3
technology,3
led,3
participants,3
showed,3
wage,3
event,3
great,3
wilt,3
serves,3
bad,3
ones,3
top,3
superior,3
short,3
astronomy,3
preserve,3
profit,3
george,3
mind,3
university,3
lawrence,3
needs,3
common,3
sales,3
artistic,3
potential,3
drawn,3
written,3
lie,3
job,3
leave,3
chains,3
love,3
suggests,3
else,3
phenomenon,3
readers,3
central,3
clear,3
triangles,3
mainly,3
values,3
relation,3
seven,3
helps,3
tell,3
making,3
life,3
radians,3
slowly,3
electricity,3
created,3
don,3
remember,3
supplementary,3
sketches,3
night,3
studied,3
necessary,3
important,3
treaty,3
equivalent,3
promote,3
whole,3
variables,3
triangle,3
peak,3
capable,3
suggest,3
placement,3
behavior,3
associated,3
builds,3
selection,3
artists,3
universal,3
matter,3
portraits,3
intended,3
occur,3
responses,3
mixed,3
toward,3
ten,3
groups,3
seen,3
eight,3
errors,3
house,3
particularly,3
person,3
hours,3
distortion,3
congress,3
produced,3
little,3
young,3
images,3
experiments,3
sentences,3
society,3
combines,3
probably,3
cascio,3
defined,3
alternative,3
individuals,3
resistance,3
syndrome,3
jeic,3
talent,3
planting,3
comprehensive,3
filled,3
locations,3
goss,3
defeat,2
accomplishes,2
family,2
opposition,2
phraseology,2
again,2
rate,2
vertical,2
contrary,2
declare,2
expensive,2
faith,2
keeping,2
march,2
represent,2
nevertheless,2
pursue,2
visitors,2
replaced,2
actual,2
live,2
warehouse,2
reference,2
units,2
interrupts,2
corner,2
domain,2
measuring,2
punished,2
skills,2
rotating,2
decided,2
mineral,2
eighteenth,2
defeats,2
republican,2
beneficent,2
july,2
additionally,2
description,2
lent,2
decreased,2
early,2
january,2
completed,2
efficiency,2
firm,2
biggest,2
formation,2
horizontal,2
grocery,2
business,2
earlier,2
northern,2
nation,2
mill,2
adding,2
ignoring,2
decade,2
meeting,2
doubled,2
ideal,2
modeled,2
falling,2
boost,2
mars,2
oer,2
dropped,2
flour,2
pope,2
please,2
ey,2
extended,2
surface,2
conviction,2
surprisingly,2
compress,2
define,2
lexicographer,2
corresponding,2
choices,2
dy,2
charting,2
cities,2
profitable,2
houses,2
potomac,2
jobs,2
permitted,2
fired,2
ports,2
rely,2
load,2
ask,2
human,2
numerous,2
institution,2
capacity,2
river,2
thirty,2
taught,2
washing,2
disposition,2
machine,2
became,2
liberty,2
band,2
kilograms,2
emancipated,2
building,2
segment,2
deviations,2
operations,2
equator,2
charted,2
scratch,2
highlight,2
examining,2
megawatts,2
maryland,2
permitting,2
delete,2
problems,2
cases,2
ww,2
blank,2
ic,2
boldness,2
interestingly,2
start,2
living,2
favour,2
expanding,2
predators,2
due,2
predation,2
jce,2
colouration,2
behaviour,2
walls,2
initiated,2
isa,2
pressurized,2
ine,2
although,2
realize,2
try,2
chosen,2
modest,2
personality,2
linear,2
es,2
indicate,2
researcher,2
williams,2
scribes,2
accurately,2
looked,2
se,2
credit,2
icicicicicic,2
dominant,2
position,2
return,2
jie,2
digits,2
threads,2
accommodate,2
wayne,2
novelty,2
rounded,2
truncated,2
considered,2
occurring,2
cautious,2
paper,2
amount,2
entire,2
surprising,2
jsc,2
underground,2
measure,2
sicigic,2
icigiciciciscic,2
front,2
moved,2
igiscicicisic,2
gridded,2
omaly,2
displacements,2
acceptable,2
striking,2
nonetheless,2
significant,2
entered,2
consistently,2
willingness,2
recorded,2
begun,2
interpreted,2
icisic,2
within,2
reliable,2
aa,2
fraction,2
preserved,2
arh,2
antiquity,2
wh,2
definition,2
publishing,2
surplus,2
direct,2
decisions,2
cavities,2
viable,2
revising,2
usage,2
sum,2
inferior,2
angles,2
enslaved,2
accompanied,2
contrast,2
option,2
socially,2
permanent,2
tw,2
bh,2
scatterplot,2
place,2
unlikely,2
understood,2
alone,2
sound,2
projects,2
clock,2
compared,2
pp,2
twh,2
offers,2
marking,2
purity,2
benjamin,2
legally,2
wind,2
oa,2
around,2
supply,2
aside,2
abc,2
side,2
illustrate,2
social,2
expanded,2
until,2
constant,2
solutions,2
begin,2
interpretation,2
increases,2
functions,2
animal,2
importance,2
knowledge,2
quotation,2
strongly,2
favored,2
item,2
inequalities,2
dismissed,2
satisfies,2
quantity,2
conflicts,2
solar,2
political,2
planning,2
resume,2
q,2
feasible,2
method,2
carefully,2
medication,2
teaspoons,2
generations,2
currently,2
examined,2
hosts,2
monitoring,2
harvests,2
soybeans,2
development,2
hadn,2
reductions,2
weeks,2
began,2
packaging,2
exact,2
except,2
designed,2
happened,2
newly,2
signalling,2
graphics,2
ai,2
want,2
size,2
portrait,2
handwriting,2
neckerchief,2
surrounded,2
mesocosm,2
effects,2
manufacturers,2
examine,2
containing,2
environments,2
attraction,2
evaluated,2
ancient,2
facts,2
accompanying,2
carrie,2
describe,2
response,2
severely,2
vu,2
immune,2
disregard,2
wealthy,2
general,2
positive,2
degree,2
midwest,2
revenues,2
entirely,2
discuss,2
testify,2
fail,2
sign,2
gridding,2
really,2
connections,2
al,2
received,2
subsidized,2
gave,2
root,2
california,2
crucially,2
conversely,2
bill,2
age,2
aaa,2
stated,2
autobiographical,2
respond,2
connect,2
dr,2
debate,2
beach,2
overall,2
rules,2
surprise,2
methodology,2
definitive,2
supported,2
failed,2
nor,2
innate,2
bans,2
scientific,2
anything,2
considerably,2
emotional,2
visual,2
nothing,2
related,2
appeared,2
characteristic,2
devastating,2
kind,2
damaging,2
brush,2
west,2
amounts,2
german,2
painter,2
correlate,2
colouring,2
statement,2
improved,2
waste,2
exist,2
emotion,2
cut,2
back,2
neighbours,2
legislation,2
eye,2
stylistic,2
persuasive,2
strong,2
elements,2
appeals,2
statewide,2
body,2
saw,2
funded,2
add,2
nineteenth,2
expressed,2
performed,2
oceans,2
banned,2
raise,2
internet,2
friend,2
limited,2
style,2
vast,2
beans,2
lin,2
perhaps,2
areas,2
intentioned,2
locally,2
america,2
useful,2
gives,2
leaves,2
factor,2
plausible,2
rest,2
implementation,2
influence,2
signals,2
painters,2
chemical,2
crisis,2
describes,2
speech,2
delivered,2
beneficial,2
findings,2
width,2
fees,2
eliminate,2
grown,2
strengthen,2
environment,2
listed,2
learned,2
analyze,2
growing,2
standards,2
build,2
access,2
room,2
fame,2
opportunity,2
truth,2
ecologist,2
greatest,2
incentives,2
emancipation,2
regional,2
funding,2
student,2
independently,2
qas,2
popular,2
mockery,2
experiences,2
delusion,2
employment,2
gigapascals,2
axis,2
celsius,2
wy,2
harm,2
status,2
car,2
certification,2
character,2
paintings,2
mileage,2
prompt,2
economic,2
expansion,2
conventional,2
debates,2
product,2
louisiana,2
creation,2
region,2
report,2
role,2
logic,2
third,2
hand,2
transition,2
implications,2
sure,2
focuses,2
compensation,2
curiosity,2
effective,2
advanced,2
discussion,2
advocacy,2
communication,2
afflict,2
august,2
recognized,2
cache,2
party,2
forget,2
designing,2
withal,2
reach,2
providing,2
having,2
innocent,2
say,2
laborious,2
persuasiveness,2
twenty,2
enjoy,2
oc,2
hall,2
play,2
process,2
treaties,2
hiring,1
bins,1
turning,1
amid,1
friendly,1
unique,1
interim,1
stalks,1
abundance,1
bushel,1
diverted,1
farmer,1
knowledgeable,1
trouble,1
cars,1
devote,1
helpful,1
tanks,1
managed,1
purchases,1
implement,1
inexperienced,1
highlighted,1
w,1
products,1
quit,1
residue,1
concerned,1
therefore,1
countries,1
survives,1
forcing,1
training,1
highlights,1
roughly,1
cash,1
lurks,1
actions,1
marketplace,1
interference,1
differently,1
acre,1
meat,1
pouring,1
respective,1
comparison,1
livestock,1
morale,1
hourl,1
swift,1
source,1
reducing,1
harvard,1
unwanted,1
agenda,1
industries,1
examination,1
hazard,1
thrive,1
pro,1
accurate,1
productive,1
staff,1
smaller,1
profits,1
lesser,1
competitor,1
wheat,1
exceed,1
producers,1
rivals,1
shipping,1
politics,1
unwelcome,1
manage,1
restaurants,1
workforces,1
heartland,1
convenience,1
herds,1
follows,1
strategy,1
boom,1
colorado,1
sustainably,1
season,1
harvest,1
tracking,1
drop,1
october,1
aquaculture,1
establishment,1
remediation,1
abundant,1
depend,1
redemption,1
fetches,1
easiest,1
friendlier,1
enormous,1
wrote,1
simply,1
doing,1
granted,1
alexander,1
letters,1
presided,1
writative,1
partial,1
shutdown,1
token,1
someday,1
elegant,1
adopted,1
browne,1
reconvenes,1
thomas,1
matters,1
expire,1
sept,1
sir,1
coining,1
imitated,1
shape,1
billions,1
puts,1
enables,1
dictionaries,1
contextual,1
lock,1
taxpayer,1
eliminates,1
face,1
shortest,1
longest,1
busy,1
finished,1
lawmakers,1
regard,1
influencing,1
perverse,1
stood,1
succeeded,1
affairs,1
simple,1
subsidizing,1
coined,1
affect,1
guaranteeing,1
unknown,1
primo,1
kwnr,1
foremost,1
njnr,1
decay,1
corruption,1
secure,1
embalm,1
imagine,1
noting,1
mutability,1
inherent,1
acknowledged,1
kxnr,1
preface,1
changes,1
inexorable,1
nknr,1
subtle,1
printed,1
beyond,1
create,1
ngnr,1
quotations,1
farms,1
pictorial,1
setting,1
ridden,1
disliked,1
protest,1
ij,1
opinions,1
fnnr,1
determined,1
undertook,1
explained,1
nbnr,1
frnr,1
ncnr,1
bemoaned,1
definitions,1
composing,1
kjnr,1
task,1
perspective,1
giveaway,1
cornfield,1
honored,1
seeds,1
proved,1
practice,1
ifstores,1
accustomed,1
routine,1
ground,1
penalties,1
habitual,1
put,1
alfalfa,1
isn,1
hardly,1
trip,1
host,1
shopping,1
cents,1
dawn,1
agriculture,1
cultivation,1
ex,1
hybrid,1
indiana,1
ifthe,1
nebraska,1
historically,1
xj,1
double,1
caused,1
she,1
infected,1
grain,1
belt,1
kansas,1
dakota,1
illinois,1
potentially,1
extends,1
institute,1
massachusetts,1
east,1
zeynep,1
performance,1
iowa,1
unnecessary,1
lucrative,1
lessons,1
hazards,1
invites,1
wisdom,1
challenged,1
senate,1
discounts,1
proposals,1
maintain,1
managers,1
executives,1
periodic,1
companies,1
renewal,1
discount,1
federally,1
misleading,1
insured,1
participating,1
drought,1
repeats,1
floods,1
merely,1
extreme,1
offering,1
similarly,1
requirement,1
gasoline,1
epidemic,1
behoove,1
incentive,1
stewardship,1
farmland,1
lowest,1
assets,1
opposite,1
earnings,1
forces,1
quantities,1
noted,1
demos,1
ever,1
feedstocks,1
financially,1
alternatives,1
performing,1
worked,1
commercially,1
negotiate,1
minerals,1
substantial,1
flew,1
pen,1
nonstop,1
dallas,1
od,1
ad,1
amd,1
sd,1
distance,1
te,1
remainder,1
pot,1
vo,1
fly,1
redesigned,1
account,1
upcoming,1
cushioning,1
attending,1
volunteer,1
ry,1
pgasiai,1
aav,1
tv,1
earned,1
gs,1
kh,1
sp,1
zz,1
seating,1
heo,1
ie,1
bp,1
th,1
ov,1
bought,1
l,1
integer,1
round,1
intervals,1
baseball,1
league,1
hit,1
jacob,1
rs,1
volunteers,1
engineer,1
drinking,1
pages,1
print,1
takes,1
legible,1
treatment,1
prescribes,1
physician,1
saturday,1
fewest,1
lined,1
euse,1
shaped,1
rode,1
sar,1
ce,1
semicircle,1
radii,1
ob,1
segments,1
ab,1
complex,1
familiar,1
prescription,1
hundred,1
reasonable,1
regular,1
alphabetically,1
sorted,1
select,1
octagonal,1
prisms,1
generator,1
numbered,1
r,1
choosing,1
coordinator,1
selecting,1
comprehend,1
participate,1
ee,1
analyzing,1
demonstrate,1
wide,1
margins,1
wr,1
depth,1
enforceable,1
auditorium,1
sys,1
margin,1
error,1
yoo,1
tine,1
priitie,1
haveasmass,1
ofline,1
parallel,1
rows,1
cell,1
slope,1
compare,1
solved,1
cisicigicicic,1
jcnsic,1
cicisicicicns,1
jcic,1
de,1
ef,1
traveling,1
gallon,1
stage,1
maximum,1
depending,1
aluminosilicates,1
regions,1
approximated,1
pe,1
meaning,1
kyanite,1
intercept,1
polymorphs,1
aluminosilicate,1
circumference,1
applied,1
represents,1
graphed,1
kilometer,1
diameter,1
approximates,1
graphs,1
kilometers,1
intersect,1
similar,1
def,1
sisly,1
oos,1
na,1
shake,1
obs,1
sicicicicicic,1
jeicsis,1
oe,1
blais,1
jvn,1
shingle,1
cedar,1
kilogram,1
coco,1
asphalt,1
february,1
jey,1
median,1
floor,1
consecutive,1
architect,1
concert,1
ta,1
sicigicicicic,1
jk,1
sicigicicicisc,1
cicisicicicncicisic,1
approximate,1
cicisicl,1
jeicicisic,1
ore,1
cicisicigiciciciscic,1
oy,1
jims,1
cicisicicicic,1
icis,1
cg,1
slate,1
probability,1
classified,1
sicigiscic,1
neighborhood,1
sicigicicicisic,1
distribution,1
icisicomais,1
constants,1
ax,1
drowning,1
compound,1
gc,1
impose,1
infinitely,1
vague,1
voluntary,1
lies,1
hs,1
vq,1
ac,1
underfunded,1
agreements,1
enforce,1
terms,1
expresses,1
ucla,1
concluded,1
setup,1
essentially,1
manager,1
items,1
coordinate,1
context,1
november,1
bina,1
issue,1
debris,1
coastal,1
vv,1
savvy,1
vn,1
aen,1
tee,1
ca,1
memento,1
lacking,1
ue,1
lee,1
oalin,1
ro,1
aliso,1
city,1
thousands,1
peewee,1
aii,1
recourse,1
law,1
seas,1
dramatically,1
enforcement,1
penalty,1
reluctant,1
dramatic,1
stem,1
akin,1
montreal,1
ina,1
protocol,1
global,1
estimate,1
ozone,1
depleting,1
chlorofluorocarbons,1
strict,1
lh,1
compliance,1
assessment,1
mechanisms,1
easily,1
damage,1
equipment,1
ship,1
resulting,1
formula,1
current,1
va,1
convention,1
je,1
coordinates,1
prevention,1
ships,1
loopholes,1
en,1
ye,1
oxo,1
gurl,1
ya,1
passes,1
exempts,1
accidental,1
loss,1
disposal,1
sustainable,1
conference,1
cicisicicicicicicic,1
costly,1
jellyfish,1
rainstorm,1
walked,1
resembled,1
landfill,1
sicigicicicis,1
tons,1
enters,1
igicicicicic,1
coast,1
installed,1
ik,1
sicicicicicicn,1
epa,1
cleaning,1
comes,1
typically,1
degrade,1
stories,1
siciciscicicisic,1
foods,1
favorite,1
remarkably,1
consuming,1
dolphins,1
caught,1
fix,1
abandoned,1
woc,1
monofilament,1
nets,1
jo,1
occ,1
floating,1
gisies,1
ag,1
remote,1
waters,1
ocooes,1
pacific,1
sea,1
vooogs,1
turtles,1
thanks,1
screens,1
sy,1
cicisicigiens,1
icicicicic,1
cicisic,1
lobbying,1
cicisicicioncicisic,1
efforts,1
californians,1
nationally,1
internationally,1
gloomy,1
nn,1
sicigicic,1
cicisicicicicicic,1
grely,1
landmark,1
cicisicicicnc,1
rio,1
gisces,1
nations,1
cicisicicioncic,1
ime,1
ome,1
cic,1
ban,1
oia,1
storm,1
basins,1
inserts,1
qoe,1
smallest,1
rivers,1
beaches,1
bays,1
jurisdictions,1
tens,1
annually,1
hollywood,1
manhattan,1
santa,1
monica,1
malibu,1
foam,1
meant,1
ending,1
revealed,1
elicited,1
careful,1
characterized,1
confused,1
complete,1
claim,1
resolution,1
innovative,1
questioned,1
straightforward,1
theme,1
reactions,1
evoke,1
consisted,1
conjunction,1
distinct,1
honest,1
rigorous,1
precise,1
genuinely,1
distant,1
commonly,1
attempts,1
deductive,1
interfere,1
wonder,1
oddity,1
concern,1
xq,1
ah,1
wo,1
lt,1
assertion,1
exceptional,1
prone,1
daily,1
enclosed,1
mesocosms,1
message,1
know,1
hunting,1
aphid,1
parasites,1
irritate,1
knew,1
alerts,1
fi,1
wi,1
standing,1
fungus,1
filaments,1
branching,1
aberdeen,1
david,1
fiction,1
sounds,1
threatens,1
alarm,1
subterranean,1
newspaper,1
economist,1
talk,1
distinguishing,1
skilled,1
verbal,1
gg,1
malleable,1
certainly,1
cemmanly,1
tn,1
gnileal,1
gale,1
aio,1
frustrations,1
catalog,1
invoked,1
hypocrisy,1
expose,1
removed,1
contradictions,1
surrounding,1
manner,1
news,1
lives,1
date,1
eerie,1
downright,1
subgroups,1
divided,1
recruited,1
irvine,1
psychologist,1
conduct,1
everyone,1
decisive,1
sciences,1
academy,1
proceedings,1
wore,1
anaes,1
fragile,1
situation,1
elevates,1
sauce,1
secret,1
reconstruct,1
empty,1
score,1
manufactured,1
goals,1
prodigious,1
admits,1
doesn,1
suspected,1
communicates,1
folks,1
fake,1
cooked,1
fed,1
photographs,1
unreliably,1
tallied,1
fell,1
nap,1
duvet,1
pillow,1
appearing,1
remembered,1
falsely,1
sleep,1
appear,1
interact,1
symbiotic,1
soil,1
comparative,1
restrictive,1
force,1
regulating,1
document,1
formulate,1
evaluate,1
serve,1
paragraphs,1
fourth,1
horized,1
restricted,1
communicate,1
convey,1
artificial,1
attack,1
protect,1
howare,1
attempting,1
maneuvers,1
withstand,1
infestation,1
ward,1
noxious,1
existence,1
harmful,1
nearby,1
warn,1
relied,1
unorthodox,1
mechanism,1
element,1
holes,1
supervising,1
enslaves,1
fon,1
chief,1
codependent,1
necessarily,1
parasitic,1
benefit,1
prominent,1
played,1
americans,1
african,1
unbalanced,1
somewhat,1
instituted,1
nathaniel,1
rebel,1
arrangement,1
jr,1
richard,1
organisms,1
mutually,1
frederick,1
discussed,1
compromised,1
repelled,1
emitted,1
distress,1
unable,1
responsible,1
rationale,1
analogy,1
parasite,1
complexity,1
apparatus,1
insect,1
polymer,1
porous,1
absorbing,1
extracted,1
collected,1
sever,1
rotated,1
meshes,1
beanstalk,1
sort,1
molecules,1
stopped,1
vapor,1
oxygen,1
dioxide,1
carbon,1
covered,1
unimpeded,1
array,1
centre,1
remaining,1
dissolved,1
permit,1
penetrate,1
gaps,1
centimeter,1
half,1
chambers,1
odorless,1
repel,1
attracting,1
emphasizing,1
widespread,1
indicating,1
subsequent,1
unaut,1
theory,1
undermines,1
outline,1
revolutionizes,1
introduce,1
addresses,1
leguminous,1
preserving,1
doubt,1
case,1
evasive,1
warning,1
network,1
communications,1
symbionts,1
seem,1
rotation,1
severed,1
odor,1
pertained,1
indifferent,1
throughout,1
uninterrupted,1
good,1
exceptionally,1
puzzle,1
vivid,1
fall,1
impatient,1
seemed,1
lost,1
ashameif,1
willbe,1
irremediably,1
secrets,1
private,1
nearer,1
inclination,1
observation,1
passed,1
wholly,1
things,1
promised,1
enshrouding,1
veil,1
dark,1
flemish,1
delighted,1
titian,1
paused,1
handling,1
rapid,1
guido,1
mervas,1
peas,1
raphael,1
delineation,1
engrossed,1
dire,1
goes,1
foppish,1
hat,1
shiny,1
drink,1
forgot,1
occupied,1
fully,1
care,1
twinkling,1
amassed,1
strikes,1
striving,1
commotion,1
vividness,1
weak,1
quite,1
drawing,1
celerity,1
dauber,1
loudly,1
itself,1
assert,1
skilful,1
profession,1
french,1
strange,1
won,1
vexed,1
close,1
depths,1
yebunderstand,1
mysterious,1
gogol,1
email,1
phone,1
customer,1
further,1
schools,1
educators,1
behalf,1
community,1
readiness,1
services,1
prepare,1
equity,1
excellence,1
promoting,1
dedicated,1
educational,1
association,1
membership,1
founded,1
connects,1
driven,1
mission,1
ii,1
resale,1
reproduction,1
administered,1
personalized,1
uy,1
pervice,1
info,1
mail,1
miami,1
difficulty,1
nikolai,1
perceptibly,1
taste,1
dream,1
delightful,1
tear,1
implied,1
followed,1
interpret,1
scores,1
explains,1
oqas,1
level,1
customized,1
fl,1
scored,1
responded,1
prompts,1
congratulations,1
uii,1
hpi,1
web,1
trademarks,1
registered,1
logo,1
acorn,1
introduction,1
contents,1
seductive,1
arrived,1
unfolded,1
insights,1
integrity,1
destroys,1
selling,1
concerns,1
disagreement,1
modern,1
trendy,1
stylish,1
beliefs,1
morals,1
representative,1
execution,1
spontaneous,1
original,1
overly,1
pleasing,1
garish,1
accomplished,1
technically,1
characters,1
defining,1
depicted,1
conflict,1
narrator,1
outlook,1
ironic,1
establish,1
personal,1
madness,1
themselves,1
nonprofessional,1
paint,1
producing,1
eyewitnesses,1
jail,1
gone,1
mere,1
told,1
flu,1
attended,1
everybody,1
inc,1
thean,1
tara,1
suitable,1
undertaking,1
accomplish,1
seeks,1
pathway,1
reputation,1
lasting,1
opposed,1
lived,1
attaining,1
maintaining,1
finds,1
extent,1
greed,1
ambition,1
absence,1
artworks,1
serious,1
hopelessness,1
descent,1
conflicted,1
struggles,1
youthful,1
vent,1
traverse,1
utterly,1
hill,1
fop,1
wanted,1
go,1
altogether,1
minds,1
russian,1
partly,1
traverses,1
imagination,1
hungry,1
recur,1
amass,1
foppishness,1
discard,1
luck,1
rooms,1
rent,1
piece,1
landlord,1
implacable,1
ruined,1
colours,1
brushes,1
wherewith,1
impulses,1
frame,1
everything,1
drawings,1
focused,1
brightly,1
shine,1
alphabet,1
learner,1
toil,1
worry,1
nikita,1
interior,1
psyche,1
unfinished,1
class,1
antique,1
knowing,1
exclaimed,1
trial,1
vain,1
undertaken,1
feel,1
kopeks,1
sell,1
myself,1
bring,1
lend,1
morrow,1
dinner,1
patience,1
vexation,1
proclamation,1
combination,1
attempted,1
surveying,1
surveyor,1
andrew,1
boundaries,1
virginia,1
alexandria,1
georgetown,1
booming,1
mile,1
encompass,1
situated,1
directive,1
issued,1
washington,1
president,1
recommended,1
cousin,1
farther,1
compromise,1
broader,1
legislators,1
fledgling,1
continued,1
influenced,1
upheaval,1
friendship,1
fortuitous,1
inthe,1
establishes,1
astronomer,1
assistant,1
distances,1
james,1
demands,1
activities,1
fossilizes,1
magnifies,1
memorizes,1
rising,1
capitol,1
domed,1
north,1
looking,1
shaping,1
contributions,1
commemorates,1
plaque,1
ej,1
territory,1
expansive,1
offered,1
extending,1
peninsula,1
camp,1
crew,1
possessed,1
curvature,1
bodies,1
celestial,1
mathematically,1
chart,1
trigonometry,1
command,1
ferguson,1
authors,1
undertakes,1
improves,1
editing,1
punctuation,1
structure,1
edited,1
improve,1
revised,1
presentation,1
approached,1
safer,1
struggle,1
aggressively,1
behave,1
prey,1
encountering,1
bold,1
coloring,1
interested,1
surroundings,1
exploring,1
uninterested,1
displaying,1
approaching,1
readily,1
exhibited,1
faster,1
hesitation,1
atypical,1
presence,1
disruptive,1
location,1
quality,1
borrowed,1
conform,1
regularly,1
impressed,1
befriended,1
relates,1
stars,1
migration,1
jm,1
teacher,1
pulled,1
father,1
algebra,1
formal,1
studious,1
borders,1
official,1
determining,1
lead,1
eventually,1
sharp,1
merchant,1
watch,1
insides,1
mechanics,1
theyre,1
clocks,1
owned,1
working,1
gained,1
conventions,1
kayaking,1
contributes,1
encourages,1
imagined,1
bit,1
bz,1
authoritative,1
encouragement,1
samuel,1
applications,1
residential,1
efficient,1
dismaying,1
challenges,1
promising,1
restates,1
seizing,1
arresting,1
capturing,1
hesitate,1
investors,1
innovations,1
blocks,1
stumbling,1
pz,1
shift,1
decompressing,1
reusing,1
apprehending,1
furthermore,1
economically,1
proven,1
involves,1
backers,1
along,1
historical,1
py,1
selective,1
extremely,1
excerpts,1
copy,1
hired,1
six,1
handed,1
exemplary,1
viewed,1
bg,1
hundreds,1
works,1
experts,1
hotshot,1
proper,1
heaps,1
massive,1
tables,1
furnishing,1
announcing,1
thing,1
changing,1
languages,1
aspired,1
ambitions,1
humble,1
book,1
publication,1
journey,1
initially,1
traditional,1
upwards,1
infrastructure,1
drives,1
caverns,1
rock,1
salt,1
naturally,1
pump,1
constitutes,1
peaked,1
peeked,1
presented,1
key,1
clarify,1
structured,1
revision,1
hydropower,1
compressed,1
generates,1
produces,1
generally,1
fluctuates,1
bj,1
utilities,1
challenge,1
pose,1
irrelevant,1
tacks,1
publications,1
focus,1
strays,1
turbine,1
generating,1
spaces,1
fj,1
reinforcing,1
formations,1
despite,1
facility,1
differences,1
ignores,1
impact,1
deleting,1
jersey,1
ohio,1
pilot,1
progress,1
combined,1
electrical,1
specially,1
germany,1
huntorf,1
alabama,1
causing,1
cavity,1
releases,1
inch,1
cavern,1
inflexible,1
pumped,1
density,1
handle,1
fortified,1
reinforce,1
multiple,1
simulation,1
cleverly,1
respects,1
worse,1
supposed,1
inconsistent,1
characterizes,1
safety,1
debased,1
sills,1
mud,1
stone,1
pretty,1
voting,1
bearing,1
arms,1
industrious,1
holding,1
degraded,1
landless,1
untaught,1
disarmed,1
disfranchised,1
negroes,1
vote,1
court,1
banished,1
allow,1
humiliation,1
cause,1
besides,1
animprovement,1
partially,1
climate,1
rejects,1
differ,1
ideals,1
founding,1
fulfillment,1
undermined,1
ensure,1
insufficient,1
arising,1
roused,1
propelled,1
illuminated,1
discriminated,1
grounds,1
variety,1
leads,1
domestic,1
agricultural,1
draws,1
attitude,1
settlement,1
habit,1
temporary,1
showing,1
self,1
pointing,1
sequence,1
citing,1
resulted,1
suffering,1
converted,1
believed,1
reaped,1
fruit,1
organized,1
abolished,1
premature,1
pressing,1
objected,1
protecting,1
mob,1
mercy,1
privilege,1
holds,1
master,1
condition,1
retain,1
enfranchisement,1
unconditional,1
immediate,1
am,1
clothe,1
american,1
three,1
regards,1
intentions,1
intention,1
absolute,1
freedman,1
gen,1
understand,1
reduce,1
decide,1
constitution,1
disregards,1
revelation,1
scholars,1
sown,1
doctrines,1
heart,1
divine,1
friends,1
patricians,1
children,1
reached,1
aid,1
kings,1
mothers,1
merchants,1
ministers,1
orators,1
exercise,1
poets,1
statute,1
exists,1
centuries,1
fear,1
conceding,1
rebellion,1
chastisement,1
fireside,1
tears,1
mourning,1
streets,1
afterwards,1
views,1
seems,1
dangerous,1
ys,1
ae,1
csi,1
foraging,1
safest,1
occupy,1
redheads,1
faced,1
favours,1
combinations,1
specific,1
implies,1
forming,1
occurred,1
always,1
regardless,1
correlated,1
behaviours,1
investigating,1
rates,1
suffer,1
backgrounds,1
suggesting,1
explanation,1
convincing,1
predict,1
consistent,1
differed,1
interval,1
month,1
soot,1
po,1
faces,1
various,1
notably,1
imply,1
marks,1
jostles,1
submission,1
fights,1
flees,1
intimidates,1
dominance,1
replaces,1
distinguish,1
acquired,1
translate,1
correlations,1
observed,1
comparable,1
assumption,1
ancestry,1
similarities,1
openly,1
considers,1
emphasize,1
expands,1
attention,1
draw,1
attacks,1
predatory,1
defend,1
strategies,1
repeated,1
statistically,1
touch,1
perch,1
leah,1
ecologica,1
hardman,1
sam,1
le,1
iam,1
thold,1
wrong,1
satisfied,1
constitute,1
experience,1
insensitive,1
endure,1
injustices,1
mentioning,1
stating,1
comments,1
fade,1
voters,1
brief,1
equals,1
oppose,1
economy,1
postwar,1
recognize,1
beginning,1
prospects,1
harmed,1
blame,1
predictions,1
expected,1
towards,1
deprived,1
bunch,1
investigation,1
exploration,1
neophilia,1
investigated,1
introduced,1
heads,1
takers,1
returned,1
scare,1
avian,1
silhouette,1
calmly,1
counted,1
previously,1
displays,1
threat,1
deprivation,1
experimental,1
matching,1
paired,1
bright,1
possibility,1
characteristics,1
correlation,1
hypothesis,1
bolder,1
exhibit,1
manu,1
